{"TEMPERATURE": {"mean": 4.531377057182706, "stdv": 3.0197031951161706}, "HUMIDITY": {"mean": 0.8360088563458857, "stdv": 0.08805234446238092}, "PRESSURE": {"mean": 1034.4096105997212, "stdv": 5.24862344629149}, "FOREX": {"mean": 1.2698457484958159, "stdv": 0.005270798176599608}}